crash_hour,n,casualty_crashes,rate,ci_low,ci_high,rate_pct,ci_low_pct,ci_high_pct,reliable,road_user,hour_label
0,22133,1348,0.06090453169475444,0.05782932174733148,0.0641321418067105,6.090453169475444,5.782932174733148,6.41321418067105,True,Pedestrian,12 AM
1,11741,488,0.04156375095818073,0.038100883925739036,0.045326516236047734,4.156375095818073,3.8100883925739035,4.532651623604774,True,Pedestrian,1 AM
2,9489,357,0.03762251027505533,0.033977209337631854,0.0416420446484454,3.762251027505533,3.3977209337631855,4.1642044648445395,True,Pedestrian,2 AM
3,8678,317,0.03652915418299147,0.032782616527500745,0.04068585126854842,3.652915418299147,3.2782616527500745,4.068585126854842,True,Pedestrian,3 AM
4,9600,405,0.0421875,0.03834609222183267,0.04639516381887505,4.21875,3.834609222183267,4.639516381887505,True,Pedestrian,4 AM
5,9847,480,0.048745810906875194,0.04466572798318187,0.05317785118877437,4.87458109068752,4.466572798318187,5.3177851188774365,True,Pedestrian,5 AM
6,13309,1050,0.07889398151626718,0.07443460285332654,0.08359639182176971,7.889398151626718,7.4434602853326535,8.359639182176972,True,Pedestrian,6 AM
7,17653,1535,0.08695405880020393,0.08288680767670253,0.09120104278008583,8.695405880020393,8.288680767670254,9.120104278008583,True,Pedestrian,7 AM
8,25124,2335,0.09293902244865468,0.08941070454977222,0.09659180511265739,9.293902244865468,8.941070454977222,9.659180511265738,True,Pedestrian,8 AM
9,22228,1774,0.07980924959510527,0.0763187895680097,0.08344492519325415,7.980924959510527,7.63187895680097,8.344492519325415,True,Pedestrian,9 AM
10,21416,1723,0.08045386626821069,0.07688576166597183,0.0841724601651364,8.045386626821069,7.6885761665971835,8.417246016513639,True,Pedestrian,10 AM
11,22432,1853,0.08260520684736092,0.07907377579316144,0.08627957560507628,8.260520684736091,7.907377579316144,8.627957560507628,True,Pedestrian,11 AM
12,24104,2084,0.08645867905741786,0.08297627810824319,0.09007287615532224,8.645867905741786,8.29762781082432,9.007287615532224,True,Pedestrian,12 PM
13,24517,2101,0.08569563976016642,0.08225635736336395,0.08926473757327964,8.569563976016642,8.225635736336395,8.926473757327964,True,Pedestrian,1 PM
14,28099,2732,0.09722765934730773,0.09381838277355183,0.10074705220367126,9.722765934730774,9.381838277355182,10.074705220367127,True,Pedestrian,2 PM
15,29165,2860,0.09806274644265386,0.09470226896462929,0.10152909594497346,9.806274644265386,9.470226896462929,10.152909594497347,True,Pedestrian,3 PM
16,30469,2842,0.0932751321014802,0.0900607248781072,0.09659208796623221,9.32751321014802,9.006072487810721,9.659208796623222,True,Pedestrian,4 PM
17,30591,3506,0.11460887189042529,0.11108742446844795,0.11822710154629042,11.460887189042529,11.108742446844795,11.822710154629041,True,Pedestrian,5 PM
18,27521,3288,0.11947240289233677,0.11569337883193098,0.12335764626097999,11.947240289233676,11.569337883193098,12.335764626098,True,Pedestrian,6 PM
19,24301,2964,0.12197028928850664,0.11791535048853477,0.12614473011696897,12.197028928850665,11.791535048853477,12.614473011696898,True,Pedestrian,7 PM
20,21274,2400,0.11281376327912006,0.10863219451990008,0.11713514082862511,11.281376327912005,10.863219451990009,11.713514082862512,True,Pedestrian,8 PM
21,19539,1968,0.10072163365576539,0.096579797179105,0.10502044502927477,10.07216336557654,9.6579797179105,10.502044502927477,True,Pedestrian,9 PM
22,18180,1558,0.08569856985698569,0.08171655806792046,0.08985563600574546,8.56985698569857,8.171655806792046,8.985563600574546,True,Pedestrian,10 PM
23,16504,1069,0.06477217644207466,0.06111749228182223,0.0686294275093151,6.477217644207466,6.111749228182223,6.862942750931509,True,Pedestrian,11 PM
0,22133,958,0.043283784394343286,0.0406811449742875,0.04604493974413954,4.328378439434329,4.06811449742875,4.604493974413955,True,Cyclist,12 AM
1,11741,377,0.03210970104761093,0.02907073845535315,0.035454746503081704,3.2109701047610932,2.907073845535315,3.5454746503081704,True,Cyclist,1 AM
2,9489,233,0.02455474760248709,0.021627868745811293,0.02786643652101207,2.455474760248709,2.1627868745811294,2.786643652101207,True,Cyclist,2 AM
3,8678,197,0.022701083198893756,0.019771978660932745,0.026052584643700694,2.2701083198893754,1.9771978660932745,2.6052584643700696,True,Cyclist,3 AM
4,9600,173,0.018020833333333333,0.015546097531424193,0.020881158828155916,1.8020833333333333,1.5546097531424192,2.0881158828155915,True,Cyclist,4 AM
5,9847,232,0.02356047527165634,0.0207452613679804,0.026747289928347424,2.356047527165634,2.07452613679804,2.6747289928347424,True,Cyclist,5 AM
6,13309,431,0.03238410098429634,0.029508979405490302,0.03552909631231888,3.238410098429634,2.95089794054903,3.552909631231888,True,Cyclist,6 AM
7,17653,694,0.0393134311448479,0.036545351875602816,0.042281973618442506,3.93134311448479,3.6545351875602816,4.22819736184425,True,Cyclist,7 AM
8,25124,1032,0.041076261741760864,0.03869146875774842,0.04360137727802093,4.107626174176087,3.8691468757748417,4.360137727802093,True,Cyclist,8 AM
9,22228,948,0.0426489112830664,0.040070582161188674,0.04538529838088932,4.26489112830664,4.0070582161188675,4.538529838088932,True,Cyclist,9 AM
10,21416,924,0.043145311916324244,0.04050495676965958,0.04594953876685269,4.314531191632424,4.050495676965958,4.594953876685269,True,Cyclist,10 AM
11,22432,1097,0.048903352353780315,0.04615747315684545,0.05180371052346721,4.890335235378031,4.615747315684545,5.180371052346721,True,Cyclist,11 AM
12,24104,1307,0.05422336541652838,0.05143484509595912,0.05715395532157804,5.422336541652838,5.143484509595912,5.715395532157804,True,Cyclist,12 PM
13,24517,1384,0.05645062609617816,0.05363056227965371,0.05940966877016473,5.645062609617816,5.363056227965371,5.940966877016473,True,Cyclist,1 PM
14,28099,1522,0.05416562867005943,0.0515795026727744,0.05687364393002325,5.416562867005943,5.15795026727744,5.6873643930023245,True,Cyclist,2 PM
15,29165,1749,0.05996914109377679,0.05730169784379556,0.06275249038972006,5.996914109377679,5.730169784379556,6.275249038972006,True,Cyclist,3 PM
16,30469,1924,0.0631461485444222,0.060469746037498946,0.06593269619486576,6.31461485444222,6.046974603749895,6.593269619486576,True,Cyclist,4 PM
17,30591,2036,0.06655552286620248,0.06381643471353654,0.06940346076060769,6.655552286620248,6.381643471353654,6.940346076060769,True,Cyclist,5 PM
18,27521,1960,0.07121834235674576,0.06823918728545517,0.07431718622697224,7.1218342356745765,6.823918728545516,7.431718622697224,True,Cyclist,6 PM
19,24301,1790,0.07365952018435455,0.07044216829316217,0.07701164601188558,7.365952018435455,7.044216829316217,7.701164601188558,True,Cyclist,7 PM
20,21274,1438,0.06759424649807276,0.06429815326973712,0.0710464767983803,6.759424649807276,6.429815326973712,7.10464767983803,True,Cyclist,8 PM
21,19539,1241,0.06351399764573418,0.060179341080992516,0.06702025715962366,6.351399764573418,6.017934108099252,6.702025715962366,True,Cyclist,9 PM
22,18180,1000,0.05500550055005501,0.05178434327972832,0.05841468089126975,5.500550055005501,5.178434327972832,5.841468089126975,True,Cyclist,10 PM
23,16504,705,0.042716917111003394,0.03973666936833048,0.04590999688027224,4.271691711100339,3.973666936833048,4.590999688027224,True,Cyclist,11 PM
0,22133,5905,0.26679618668955857,0.2610101145359957,0.2726631986434237,26.679618668955857,26.101011453599572,27.26631986434237,True,Motorist,12 AM
1,11741,3142,0.26760923260369646,0.2596781673209069,0.2756923224777806,26.760923260369644,25.967816732090693,27.569232247778057,True,Motorist,1 AM
2,9489,2522,0.265781431130783,0.2569891649401026,0.27476326628133474,26.5781431130783,25.69891649401026,27.476326628133474,True,Motorist,2 AM
3,8678,2374,0.27356533763539986,0.2642876719732953,0.28304339197977213,27.356533763539986,26.428767197329528,28.304339197977214,True,Motorist,3 AM
4,9600,2623,0.2732291666666667,0.26440699065571377,0.2822327623364639,27.322916666666668,26.440699065571376,28.223276233646388,True,Motorist,4 AM
5,9847,2538,0.25774347517010254,0.24919988929781803,0.2664760099065708,25.774347517010256,24.919988929781802,26.64760099065708,True,Motorist,5 AM
6,13309,3165,0.2378090014276054,0.23065212582282169,0.2451171945302425,23.78090014276054,23.065212582282168,24.51171945302425,True,Motorist,6 AM
7,17653,4218,0.2389395570158047,0.23270606305034455,0.24528664885119958,23.89395570158047,23.270606305034455,24.52866488511996,True,Motorist,7 AM
8,25124,5621,0.22373029772329248,0.2186195149477467,0.22892555394507857,22.373029772329247,21.86195149477467,22.89255539450786,True,Motorist,8 AM
9,22228,4957,0.22300701817527444,0.21758279748900775,0.22852696608541434,22.300701817527443,21.758279748900776,22.852696608541436,True,Motorist,9 AM
10,21416,4577,0.2137187149794546,0.2082799977061898,0.21926012005079676,21.37187149794546,20.82799977061898,21.926012005079677,True,Motorist,10 AM
11,22432,5195,0.23158880171184024,0.2261145511786598,0.23715497021072274,23.158880171184023,22.61145511786598,23.715497021072274,True,Motorist,11 AM
12,24104,5469,0.2268918021905078,0.22164817788391203,0.2322224664295963,22.68918021905078,22.164817788391204,23.22224664295963,True,Motorist,12 PM
13,24517,5987,0.24419790349553372,0.23886054060197678,0.24961541774359647,24.419790349553374,23.88605406019768,24.961541774359645,True,Motorist,1 PM
14,28099,6830,0.24306914836826934,0.23808911220034462,0.24811942836232936,24.306914836826934,23.808911220034464,24.811942836232937,True,Motorist,2 PM
15,29165,7302,0.25036859249099946,0.24542959923971724,0.2553733397429539,25.036859249099948,24.542959923971726,25.53733397429539,True,Motorist,3 PM
16,30469,7484,0.2456267025501329,0.2408255111536915,0.2504920297742934,24.56267025501329,24.08255111536915,25.049202977429342,True,Motorist,4 PM
17,30591,7190,0.23503644862868164,0.2303182199606521,0.23982121687826916,23.503644862868164,23.03182199606521,23.982121687826915,True,Motorist,5 PM
18,27521,6562,0.2384361033392682,0.2334382495388236,0.24350696928488796,23.843610333926822,23.34382495388236,24.350696928488798,True,Motorist,6 PM
19,24301,5871,0.24159499609069585,0.23625417330145076,0.24701750537511385,24.159499609069584,23.625417330145076,24.701750537511387,True,Motorist,7 PM
20,21274,5358,0.2518567265206355,0.2460687653749564,0.25773428953640254,25.185672652063552,24.60687653749564,25.773428953640256,True,Motorist,8 PM
21,19539,5304,0.2714570858283433,0.2652667931536832,0.27773722935244,27.14570858283433,26.52667931536832,27.773722935244,True,Motorist,9 PM
22,18180,5006,0.27535753575357536,0.26891214686566434,0.28189784259222883,27.535753575357536,26.891214686566435,28.189784259222883,True,Motorist,10 PM
23,16504,4656,0.28211342704798836,0.2752987841076021,0.28902948034581977,28.211342704798838,27.52987841076021,28.902948034581975,True,Motorist,11 PM
